{
  "00ABD971": {
    "Icao_addr": 11262321,
    "Tail": "SWA1378",
    "Reg": "",
    "Lat": 41.452068,
    "Lng": -82.023862,
    "Position_valid": true,
    "Alt": 11475,
    "Speed": 326.7,
    "Track": 250,
    "OnGround": false
  },
  "00A39EF2": {
    "Icao_addr": 10723058,
    "Tail": "EJM333",
    "Reg": "",
    "Lat": 41.658573,
    "Lng": -81.984707,
    "Position_valid": true,
    "Alt": 40000,
    "Speed": 393.4,
    "Track": 286,
    "OnGround": false
  },
  "00C04394": {
    "Icao_addr": 12600212,
    "Tail": "CJT1905",
    "Reg": "",
    "Lat": 41.233133,
    "Lng": -81.920804,
    "Position_valid": true,
    "Alt": 32550,
    "Speed": 391.6,
    "Track": 214,
    "OnGround": false
  },
  "00A53F20": {
    "Icao_addr": 10829600,
    "Tail": "SWA1409",
    "Reg": "",
    "Lat": 41.486889,
    "Lng": -81.910486,
    "Position_valid": true,
    "Alt": 8250,
    "Speed": 250.0,
    "Track": 233,
    "OnGround": false
  },
  "00AA7426": {
    "Icao_addr": 11170854,
    "Tail": "UAL2035",
    "Reg": "",
    "Lat": 41.601594,
    "Lng": -81.904609,
    "Position_valid": true,
    "Alt": 35000,
    "Speed": 527.6,
    "Track": 98,
    "OnGround": false
  },
  "00A42B45": {
    "Icao_addr": 10758981,
    "Tail": "DAL2805",
    "Reg": "",
    "Lat": 41.110519,
    "Lng": -81.640564,
    "Position_valid": true,
    "Alt": 34000,
    "Speed": 362.9,
    "Track": 302,
    "OnGround": false
  },
  "00A41144": {
    "Icao_addr": 10752324,
    "Tail": "DAL2594",
    "Reg": "",
    "Lat": 41.674576,
    "Lng": -81.476794,
    "Position_valid": true,
    "Alt": 34000,
    "Speed": 368.0,
    "Track": 291,
    "OnGround": false
  },
  "00A1775F": {
    "Icao_addr": 10581855,
    "Tail": "DAL707",
    "Reg": "",
    "Lat": 41.295419,
    "Lng": -81.46843,
    "Position_valid": true,
    "Alt": 36000,
    "Speed": 357.6,
    "Track": 276,
    "OnGround": false
  },
  "00AC07DC": {
    "Icao_addr": 11274204,
    "Tail": "",
    "Reg": "",
    "Lat": 41.957794,
    "Lng": -81.260126,
    "Position_valid": true,
    "Alt": 36000,
    "Speed": 364.1,
    "Track": 260,
    "OnGround": false
  },
  "00A1244B": {
    "Icao_addr": 10560587,
    "Tail": "UAL2168",
    "Reg": "",
    "Lat": 41.5313,
    "Lng": -81.246196,
    "Position_valid": true,
    "Alt": 35000,
    "Speed": 540.7,
    "Track": 96,
    "OnGround": false
  },
  "00ADA5EE": {
    "Icao_addr": 11380206,
    "Tail": "JBU348",
    "Reg": "",
    "Lat": 41.697212,
    "Lng": -80.925676,
    "Position_valid": true,
    "Alt": 33000,
    "Speed": 522.4,
    "Track": 67,
    "OnGround": false
  },
  "00AC4090": {
    "Icao_addr": 11288720,
    "Tail": "N889PG",
    "Reg": "",
    "Lat": 41.778946,
    "Lng": -80.628412,
    "Position_valid": true,
    "Alt": 0,
    "Speed": 0,
    "Track": 0,
    "OnGround": false
  }
}